schedule_id,schedule_class,fault_kind_or_control,phase_or_control,outcome,alignment,security_state,availability_state,verification_complete,rejection_evidence
DET-000-NO-FAULT,CONTROL,NONE,NONE,SUCCESS,SYNC(3),SECURE_PROVISIONAL,AVAILABLE,True,"{""rejection_count"":0,""replay_rejection_count"":0,""stale_state_rejection_count"":0}"
DET-CELL-DROP-PREP,CANONICAL_CELL,DROP,RECOVERY_PREPARE,SUCCESS,SYNC(3),SECURE_PROVISIONAL,AVAILABLE,True,"{""rejection_count"":0,""replay_rejection_count"":0,""stale_state_rejection_count"":0}"
DET-CELL-DROP-RESP,CANONICAL_CELL,DROP,RECOVERY_RESPONSE,SUCCESS,SYNC(3),SECURE_PROVISIONAL,AVAILABLE,True,"{""rejection_count"":0,""replay_rejection_count"":0,""stale_state_rejection_count"":0}"
DET-CELL-DROP-COMM,CANONICAL_CELL,DROP,RECOVERY_COMMIT,SUCCESS,SYNC(3),SECURE_PROVISIONAL,AVAILABLE,True,"{""rejection_count"":0,""replay_rejection_count"":0,""stale_state_rejection_count"":0}"
DET-CELL-DROP-CONF,CANONICAL_CELL,DROP,RECOVERY_CONFIRM,SUCCESS,SYNC(3),SECURE_PROVISIONAL,AVAILABLE,True,"{""rejection_count"":0,""replay_rejection_count"":0,""stale_state_rejection_count"":0}"
DET-CELL-DROP-TEST,CANONICAL_CELL,DROP,TEST_COMMAND,INDETERMINATE,SYNC(3),NOT_ESTABLISHED,DEGRADED,False,"{""rejection_count"":0,""replay_rejection_count"":0,""stale_state_rejection_count"":0}"
DET-CELL-DROP-STAT,CANONICAL_CELL,DROP,STATUS_TELEMETRY,INDETERMINATE,SYNC(3),NOT_ESTABLISHED,DEGRADED,False,"{""rejection_count"":0,""replay_rejection_count"":0,""stale_state_rejection_count"":0}"
DET-CELL-DLY-PREP,CANONICAL_CELL,DELAY,RECOVERY_PREPARE,SUCCESS,SYNC(3),SECURE_PROVISIONAL,AVAILABLE,True,"{""rejection_count"":0,""replay_rejection_count"":0,""stale_state_rejection_count"":0}"
DET-CELL-DLY-RESP,CANONICAL_CELL,DELAY,RECOVERY_RESPONSE,SUCCESS,SYNC(3),SECURE_PROVISIONAL,AVAILABLE,True,"{""rejection_count"":0,""replay_rejection_count"":0,""stale_state_rejection_count"":0}"
DET-CELL-DLY-COMM,CANONICAL_CELL,DELAY,RECOVERY_COMMIT,SUCCESS,SYNC(3),SECURE_PROVISIONAL,AVAILABLE,True,"{""rejection_count"":0,""replay_rejection_count"":0,""stale_state_rejection_count"":0}"
DET-CELL-DLY-CONF,CANONICAL_CELL,DELAY,RECOVERY_CONFIRM,SUCCESS,SYNC(3),SECURE_PROVISIONAL,AVAILABLE,True,"{""rejection_count"":0,""replay_rejection_count"":0,""stale_state_rejection_count"":0}"
DET-CELL-DLY-TEST,CANONICAL_CELL,DELAY,TEST_COMMAND,SUCCESS,SYNC(3),SECURE_PROVISIONAL,AVAILABLE,True,"{""rejection_count"":0,""replay_rejection_count"":0,""stale_state_rejection_count"":0}"
DET-CELL-DLY-STAT,CANONICAL_CELL,DELAY,STATUS_TELEMETRY,SUCCESS,SYNC(3),SECURE_PROVISIONAL,AVAILABLE,True,"{""rejection_count"":0,""replay_rejection_count"":0,""stale_state_rejection_count"":0}"
DET-CELL-DUP-PREP,CANONICAL_CELL,DUPLICATE,RECOVERY_PREPARE,SUCCESS,SYNC(3),SECURE_PROVISIONAL,AVAILABLE,True,"{""rejection_count"":1,""replay_rejection_count"":1,""stale_state_rejection_count"":0}"
DET-CELL-DUP-RESP,CANONICAL_CELL,DUPLICATE,RECOVERY_RESPONSE,SUCCESS,SYNC(3),SECURE_PROVISIONAL,AVAILABLE,True,"{""rejection_count"":1,""replay_rejection_count"":1,""stale_state_rejection_count"":0}"
DET-CELL-DUP-COMM,CANONICAL_CELL,DUPLICATE,RECOVERY_COMMIT,SUCCESS,SYNC(3),SECURE_PROVISIONAL,AVAILABLE,True,"{""rejection_count"":1,""replay_rejection_count"":1,""stale_state_rejection_count"":0}"
DET-CELL-DUP-CONF,CANONICAL_CELL,DUPLICATE,RECOVERY_CONFIRM,SUCCESS,SYNC(3),SECURE_PROVISIONAL,AVAILABLE,True,"{""rejection_count"":1,""replay_rejection_count"":1,""stale_state_rejection_count"":0}"
DET-CELL-REO-PREP,CANONICAL_CELL,REORDER,RECOVERY_PREPARE,SUCCESS,SYNC(3),SECURE_PROVISIONAL,AVAILABLE,True,"{""rejection_count"":1,""replay_rejection_count"":0,""stale_state_rejection_count"":0}"
DET-CELL-REO-RESP,CANONICAL_CELL,REORDER,RECOVERY_RESPONSE,SUCCESS,SYNC(3),SECURE_PROVISIONAL,AVAILABLE,True,"{""rejection_count"":1,""replay_rejection_count"":0,""stale_state_rejection_count"":0}"
DET-CELL-REO-COMM,CANONICAL_CELL,REORDER,RECOVERY_COMMIT,SUCCESS,SYNC(3),SECURE_PROVISIONAL,AVAILABLE,True,"{""rejection_count"":1,""replay_rejection_count"":0,""stale_state_rejection_count"":0}"
DET-CELL-REO-CONF,CANONICAL_CELL,REORDER,RECOVERY_CONFIRM,SUCCESS,SYNC(3),SECURE_PROVISIONAL,AVAILABLE,True,"{""rejection_count"":1,""replay_rejection_count"":0,""stale_state_rejection_count"":0}"
DET-CELL-CLOSE-PREP,CANONICAL_CELL,CONTACT_CLOSE,RECOVERY_PREPARE,SUCCESS,SYNC(3),SECURE_PROVISIONAL,AVAILABLE,True,"{""rejection_count"":0,""replay_rejection_count"":0,""stale_state_rejection_count"":0}"
DET-CELL-CLOSE-RESP,CANONICAL_CELL,CONTACT_CLOSE,RECOVERY_RESPONSE,SUCCESS,SYNC(3),SECURE_PROVISIONAL,AVAILABLE,True,"{""rejection_count"":0,""replay_rejection_count"":0,""stale_state_rejection_count"":0}"
DET-CELL-CLOSE-COMM,CANONICAL_CELL,CONTACT_CLOSE,RECOVERY_COMMIT,SUCCESS,SYNC(3),SECURE_PROVISIONAL,AVAILABLE,True,"{""rejection_count"":0,""replay_rejection_count"":0,""stale_state_rejection_count"":0}"
DET-CELL-CLOSE-CONF,CANONICAL_CELL,CONTACT_CLOSE,RECOVERY_CONFIRM,SUCCESS,SYNC(3),SECURE_PROVISIONAL,AVAILABLE,True,"{""rejection_count"":0,""replay_rejection_count"":0,""stale_state_rejection_count"":0}"
DET-CELL-CLOSE-TEST,CANONICAL_CELL,CONTACT_CLOSE,TEST_COMMAND,INDETERMINATE,SYNC(3),NOT_ESTABLISHED,DEGRADED,False,"{""rejection_count"":0,""replay_rejection_count"":0,""stale_state_rejection_count"":0}"
DET-CELL-CLOSE-STAT,CANONICAL_CELL,CONTACT_CLOSE,STATUS_TELEMETRY,INDETERMINATE,SYNC(3),NOT_ESTABLISHED,DEGRADED,False,"{""rejection_count"":0,""replay_rejection_count"":0,""stale_state_rejection_count"":0}"
DET-CELL-RST-COMM,CANONICAL_CELL,ENDPOINT_RESTART,RECOVERY_COMMIT,EXPIRED,G_AHEAD,UNSAFE,UNAVAILABLE,False,"{""rejection_count"":1,""replay_rejection_count"":0,""stale_state_rejection_count"":1}"
DET-CELL-RST-CONF,CANONICAL_CELL,ENDPOINT_RESTART,RECOVERY_CONFIRM,SECURE_DEGRADED,S_AHEAD,UNSAFE,DEGRADED,False,"{""rejection_count"":1,""replay_rejection_count"":0,""stale_state_rejection_count"":1}"
DET-CELL-SCTR-PREP,CANONICAL_CELL,STALE_COUNTER,RECOVERY_PREPARE,SUCCESS,SYNC(3),SECURE_PROVISIONAL,AVAILABLE,True,"{""rejection_count"":1,""replay_rejection_count"":0,""stale_state_rejection_count"":1}"
DET-CELL-SRPL-COMM,CANONICAL_CELL,STALE_REPLAY,RECOVERY_COMMIT,SUCCESS,SYNC(3),SECURE_PROVISIONAL,AVAILABLE,True,"{""rejection_count"":1,""replay_rejection_count"":0,""stale_state_rejection_count"":1}"
DET-CELL-SRPL-CONF,CANONICAL_CELL,STALE_REPLAY,RECOVERY_CONFIRM,SUCCESS,SYNC(3),SECURE_PROVISIONAL,AVAILABLE,True,"{""rejection_count"":1,""replay_rejection_count"":0,""stale_state_rejection_count"":1}"
DET-EXHAUST-DROP-PREP,RETRY_EXHAUSTION,DROP,RECOVERY_PREPARE,EXPIRED,G_AHEAD,UNSAFE,UNAVAILABLE,False,"{""rejection_count"":0,""replay_rejection_count"":0,""stale_state_rejection_count"":0}"
DET-EXHAUST-DROP-RESP,RETRY_EXHAUSTION,DROP,RECOVERY_RESPONSE,EXPIRED,G_AHEAD,UNSAFE,UNAVAILABLE,False,"{""rejection_count"":0,""replay_rejection_count"":0,""stale_state_rejection_count"":0}"
DET-EXHAUST-DROP-COMM,RETRY_EXHAUSTION,DROP,RECOVERY_COMMIT,EXPIRED,G_AHEAD,UNSAFE,UNAVAILABLE,False,"{""rejection_count"":0,""replay_rejection_count"":0,""stale_state_rejection_count"":0}"
DET-EXHAUST-DROP-CONF,RETRY_EXHAUSTION,DROP,RECOVERY_CONFIRM,SECURE_DEGRADED,S_AHEAD,UNSAFE,DEGRADED,False,"{""rejection_count"":0,""replay_rejection_count"":0,""stale_state_rejection_count"":0}"
DET-EXHAUST-CLOSE-PREP,RETRY_EXHAUSTION,CONTACT_CLOSE,RECOVERY_PREPARE,EXPIRED,G_AHEAD,UNSAFE,UNAVAILABLE,False,"{""rejection_count"":0,""replay_rejection_count"":0,""stale_state_rejection_count"":0}"
DET-EXHAUST-CLOSE-RESP,RETRY_EXHAUSTION,CONTACT_CLOSE,RECOVERY_RESPONSE,EXPIRED,G_AHEAD,UNSAFE,UNAVAILABLE,False,"{""rejection_count"":0,""replay_rejection_count"":0,""stale_state_rejection_count"":0}"
DET-EXHAUST-CLOSE-COMM,RETRY_EXHAUSTION,CONTACT_CLOSE,RECOVERY_COMMIT,EXPIRED,G_AHEAD,UNSAFE,UNAVAILABLE,False,"{""rejection_count"":0,""replay_rejection_count"":0,""stale_state_rejection_count"":0}"
DET-EXHAUST-CLOSE-CONF,RETRY_EXHAUSTION,CONTACT_CLOSE,RECOVERY_CONFIRM,SECURE_DEGRADED,S_AHEAD,UNSAFE,DEGRADED,False,"{""rejection_count"":0,""replay_rejection_count"":0,""stale_state_rejection_count"":0}"
